"x","y"
-1.20706574938542,0
0.27742924211066,0
1.08444117668306,1
-2.34569770262935,0
0.42912468881105,1
0.506055892157574,1
-0.574739960134649,0
-0.546631855784187,0
-0.564451999093283,1
-0.890037829044104,1
-0.477192699753547,0
-0.998386444859704,0
-0.77625389463799,0
0.0644588172762694,0
0.959494058970771,1
-0.110285494390774,0
-0.511009505806642,0
-0.911195416629811,0
-0.83717168026894,0
2.41583517848934,1
0.134088220152031,0
-0.490685896690943,0
-0.440547872353227,0
0.459589441005854,1
-0.693720246937475,0
-1.44820491038647,0
0.574755720900728,0
-1.02365572296388,0
-0.0151383003641817,0
-0.935948601168393,0
1.10229754620026,1
-0.475593078869057,0
-0.709440037512506,0
-0.501258060594762,1
-1.6290934690787,0
-1.16761926209419,0
-2.18003964894867,0
-1.34099319210003,0
-0.294293858763713,1
-0.46589754040611,0
1.44949626528713,0
-1.06864272367458,0
-0.855364633737507,0
-0.280623001957454,0
-0.994340076295665,0
-0.968514317872049,0
-1.10731819264177,0
-1.25198588563894,0
-0.523828118987356,0
-0.4968499572667,0
-1.80603125680195,0
-0.582075924689333,0
-1.10888962442678,0
-1.01496200949201,0
-0.162309523556819,0
0.563055818994518,1
1.64781747281506,1
-0.773353423943695,1
1.6059096288573,1
-1.15780854769441,0
0.656588464332807,0
2.54899107071786,1
-0.0347603898038376,1
-0.669633579661957,0
-0.00760475571097463,0
1.77708444814343,1
-1.13860773675091,0
1.36782717942326,1
1.32956479078236,1
0.336472797203817,0
0.00689283844195796,0
-0.455468738161428,0
-0.366523932873933,0
0.648286567503148,1
2.07027086133094,1
-0.15339841246697,0
-1.39070094670149,0
-0.723581777110154,0
0.258261762167853,1
-0.317059114961199,0
-0.177789957664294,0
-0.169994076854541,1
-1.37230188587669,0
-0.173787170414033,0
0.850232257121884,1
0.697608711668253,1
0.549997351091101,1
-0.402731975447623,0
-0.191593770478477,0
-1.19452787960251,0
-0.0531588187433239,0
0.255196000995833,0
1.70596400724007,1
1.00151325236345,1
-0.49558344300146,0
0.355550296999749,0
-1.13460804353385,0
0.878203626952291,0
0.972916753376122,0
2.12111710537568,1
0.414523534374986,0
-0.47471847352936,0
0.0659934937044614,0
-0.502477782393866,0
-0.825998587129336,0
0.166989279752984,0
-0.896264626244759,0
0.168185387655757,0
0.354968261014855,0
-0.0521051168711336,0
-0.195934618716253,0
-0.64906975160576,0
-1.10976723139873,0
0.849274202655058,0
0.022362526076024,0
0.831140617306835,0
-1.24428785134423,0
0.169026413766175,0
0.673166306947679,0
-0.0262763764485261,0
-0.191392168556024,0
-0.781906646699876,0
2.05816198776349,1
0.75050145315583,0
1.82420830237829,1
0.080059641091988,0
-0.631409298966366,0
-1.51328812003373,0
-0.636099831085051,0
0.226301532497161,0
1.01369034746575,0
0.252750135066342,1
-1.17194831284112,0
0.668714328525033,1
-1.65010093484436,0
-0.365852248191901,0
-0.31611832883308,1
-1.94824604732137,0
0.920057522390905,1
-0.622871594878875,1
-0.334036649997458,0
1.39514789252962,1
0.63667441103895,1
-0.108431696990383,1
0.513762778404674,0
0.399271807273958,0
1.6628564474304,1
0.275893403585483,0
0.506272623207687,1
0.347551975023811,1
-0.377237647496313,0
0.0976194631092374,0
1.63874464512173,1
-0.875592474189569,0
0.121759998641046,0
1.36213066084498,1
-0.23462108692271,0
-1.05338280794309,0
-0.869783605635912,0
-0.390127029647055,0
-0.847350073129572,0
-0.260639392099399,1
-0.414419706341893,0
-0.183050797719433,0
0.407056097880578,1
0.624633128202146,0
1.67820574370471,1
-0.0686936535649907,0
-0.320839912658177,0
1.4710057170489,1
1.7043293978271,1
0.0432440375575291,0
-0.332657319133519,0
-1.8222354175631,0
1.41126239874678,0
-0.837582434076861,0
-1.12376279439532,0
3.04376588609529,1
0.235021308250671,0
-0.0332586101133057,0
-2.7322195229558,0
-0.0997905884418962,0
0.976031734922396,0
0.413868915451097,1
0.912322161610113,1
1.98373220068438,1
1.16910851401363,0
-0.50873701541522,0
0.704180178465512,1
-0.198416273822079,0
-0.538070788884863,0
-2.85575865501923,0
-0.789646852263761,0
0.487814635163685,1
2.16803253951933,1
0.500694614280786,1
0.62021020366732,1
-0.965903210133575,0
0.162654708118265,0
-2.07823754188738,0
0.485226820569252,1
0.696768778564913,1
0.185513915583057,1
0.700733515544461,1
0.311681028661359,0
0.760462361967838,0
1.84246362620766,1
1.1123628412626,0
0.0326639575014441,0
-1.11444896479736,0
0.418057822385083,0
-0.400235237343163,0
1.49349310261748,1
-1.60708093984972,0
-0.415751788401515,1
0.42200837321742,1
-0.151736536534977,0
-0.60615111526422,0
-0.304721068966714,1
0.629536099884472,1
0.895171980275539,1
0.660212631820405,0
2.27348352044748,1
1.17349757263239,1
0.287709728313787,1
-0.659770093821305,0
2.91914013071762,1
0.677415500438328,1
-0.684320344136007,0
0.18649208308097,1
-0.324393300483657,0
-0.274704218225806,0
-0.933503340589868,0
0.116845344986082,1
0.319160238648117,0
-1.07754212275943,0
-3.23315213292314,0
-0.254874652654534,0
0.0295178303214797,0
0.594273774110512,1
0.0591351681787969,1
0.413398894737045,0
-1.09777217457042,0
0.71117525727044,0
0.718888729854143,1
0.251651069028968,0
1.35727443615177,1
0.404468471278607,0
0.264364269837939,1
0.268043904143697,1
0.436930577039483,1
1.06012390548736,1
0.452190396528715,0
0.663198615687065,0
-1.13637355399083,0
-0.370497517092117,0
1.47696958979247,1
-1.22390375051376,0
0.258068387396106,0
0.405002805433517,1
0.97580332180945,0
-0.348876736539909,0
0.158625439491262,1
-1.76325506654115,0
0.338596047099905,0
-0.666565029559273,0
-0.238646624327644,0
-1.18776528245719,0
0.384935321768578,0
0.66657951565448,1
-0.304613889457735,0
1.8250110640863,1
0.670559370567587,1
0.948632573255153,1
2.04940300167091,1
-0.651113609237535,0
0.808619272846293,1
0.986580613954562,0
-0.00617079609070003,1
0.319052357931912,1
-1.01182190274184,0
0.470167547726389,0
-0.700970331629097,0
0.813682862526492,1
-0.811430783992772,0
0.31939748709946,0
-0.846522653163624,0
-0.245763179128733,0
-1.55285901110546,0
0.128434032925753,0
0.985443389404868,1
0.183247523067191,0
-1.76622921343046,0
-0.620533696615943,0
1.65604303699874,1
1.80980538558388,1
-1.17503676801214,0
-0.366703258827641,0
0.353625448927287,0
0.319156220867898,1
-0.579956989019402,0
-0.953278701946907,0
-0.179428586945621,0
1.0098082149443,1
0.0236266149214088,0
-0.6490282195839,0
-0.504374222048191,0
1.61439149545836,1
-0.446959811255663,0
0.763176761113315,1
1.4717186861858,1
0.443664903687416,1
-0.421721870070189,0
-0.0400016262060736,0
-0.492279968227887,0
1.22771711731275,1
-0.149553565244392,0
1.54998338398246,1
-0.561612535381314,0
-0.647117250632361,0
0.143132159050427,0
0.0241886479910512,1
-0.504451524580869,0
-1.58139680993034,0
0.030066421255418,0
-0.716576699070701,0
1.08261095547612,1
-0.952685454939293,0
1.12648272900916,1
-0.649043017379116,0
0.292470078406726,0
0.898702724402737,1
-0.518742356791874,0
0.554438552345125,1
-0.0879736711840128,0
-1.13521292940752,0
-0.270079610999902,1
1.61978987753494,1
-0.21413117369664,0
-0.817782462924957,0
-0.0540229240816071,1
0.330141609857869,1
0.955324614657399,1
1.14395987779244,1
0.100522398375063,0
1.16457524565738,0
-0.764259947799148,0
-2.3445134046903,0
-0.471683425529536,0
-0.51585548950739,0
-2.31603615150256,0
0.562471756969533,0
-0.783775139422381,0
-0.226053986228165,0
-1.58710298765404,0
0.547524201868316,0
1.89122701735548,1
-0.878077110224044,0
-0.112558911044787,0
1.94871306497599,1
0.933816332207727,1
1.91305942169705,1
-0.00523405793193957,0
-0.152260048921635,0
-0.509631657179118,0
1.43457370342612,1
-1.28583853233299,0
0.307314215255018,0
-0.046318533277383,0
2.25184180012688,1
-0.608033728609708,0
-1.50928816985104,0
0.232631769508576,1
-0.0396486960510932,1
-0.839125067505346,0
0.132291088244156,1
-0.275524746705939,0
-0.678758641268032,0
0.500835931775825,1
-0.331662312006789,0
-1.83498025077253,0
-2.65174124837268,0
-0.580582172084415,0
1.45418687087119,0
0.838129379964693,0
1.21505358044614,1
0.982505442732795,0
0.315764024018431,0
-1.50706262771632,0
0.205569787166277,0
1.59722809034381,1
-3.39606353457436,0
-0.781352284302082,1
1.10246464075191,1
0.528745019445293,1
0.789394403514854,1
0.457099505856081,1
0.538833115658123,1
0.0146431224111012,1
-0.916489135703093,0
-1.22681509076766,0
0.0361528681302234,0
-0.42139311357139,1
-0.899364408462905,0
0.417441317486562,0
0.15344473686401,1
1.46328304519325,1
-1.12150249732554,0
-0.517788083055024,0
-0.0749470883385233,0
-1.40779008143908,0
-0.284705868110477,0
-0.708171178213376,0
-2.14763900113752,0
-0.283837160611358,0
-0.534072163976087,1
1.1330101941542,1
-0.604068922847656,0
0.557511595592472,1
0.142629293255087,0
-1.23686021484532,0
0.37414397250319,1
-0.106086123466453,1
0.166061986509049,1
0.658034848342406,1
0.113962919971386,1
1.58515916403119,1
0.115553440443324,0
-1.25399903928352,0
0.74186477930074,1
-1.22290161499985,0
-1.91889413176211,0
-0.809936389920793,0
-0.744677228785278,0
-0.607505922693199,0
1.60675956606494,1
1.63559944628363,1
0.726091096698492,0
-1.27383492504346,0
0.0231465554333402,0
0.487121233826479,0
-0.137027503269731,0
0.171745482456009,0
-0.944793914899987,0
-1.28762030600621,0
1.40776573875103,1
0.26737268905316,1
-0.408397642146012,0
0.325271219916941,0
2.06248097311935,1
0.362666955663951,0
1.4114046447039,1
1.36754431457543,1
-0.407176147121539,0
0.762541730885853,1
-0.651200823031723,0
-1.47365577946832,0
-1.20166579640511,0
-0.148720478130092,0
1.79706242855231,1
0.104808717855571,1
-0.802837973351476,0
0.230374964163675,1
0.697975193218088,0
-1.29520173194588,0
-1.05468021797766,0
-1.94160748967507,0
-1.26956059300372,0
-0.887438810816108,0
-0.291915762703194,0
1.41009405297303,1
0.88864143026394,1
0.272974319690262,1
-0.566641466026189,0
-0.0402069374365745,0
0.547612245301063,1
-0.504033321605536,0
1.0590701295588,1
1.09745356643579,1
-1.16650462962559,0
-0.74691131008606,0
1.20673873333927,1
-1.68721988054335,0
0.419709894906327,1
0.233498761638796,1
3.19590119785739,1
-2.72968034122695,0
-0.840795801424047,0
0.674028668650455,1
1.67432650967139,1
0.839687083840494,1
-1.42836843555519,0
2.23938816916782,1
-1.75726622410175,0
-1.11301608790466,0
-0.0431403906133336,0
2.2255869089066,1
0.50631658733822,1
0.730396051435768,0
1.72807759473682,1
